idna_subject,checker_type,destination,source,tested_at,session_id
001.0x1f4b0.com,AVAILABILITY,domains.list,domains.list,2021-08-22 11:36:21.023261,4e4217bb4ff97b39a95db5bf
002.0x1f4b0.com,AVAILABILITY,domains.list,domains.list,2021-08-22 11:36:26.794436,4e4217bb4ff97b39a95db5bf
003.0x1f4b0.com,AVAILABILITY,domains.list,domains.list,2021-08-22 11:36:27.401195,4e4217bb4ff97b39a95db5bf
004.0x1f4b0.com,AVAILABILITY,domains.list,domains.list,2021-08-22 11:36:28.099593,4e4217bb4ff97b39a95db5bf
005.0x1f4b0.com,AVAILABILITY,domains.list,domains.list,2021-08-22 11:36:33.778167,4e4217bb4ff97b39a95db5bf
006.0x1f4b0.com,AVAILABILITY,domains.list,domains.list,2021-08-22 11:36:34.352186,4e4217bb4ff97b39a95db5bf
007.0x1f4b0.com,AVAILABILITY,domains.list,domains.list,2021-08-22 11:36:34.746585,4e4217bb4ff97b39a95db5bf
008.0x1f4b0.com,AVAILABILITY,domains.list,domains.list,2021-08-22 11:36:40.615269,4e4217bb4ff97b39a95db5bf
1q2w3.fun,AVAILABILITY,domains.list,domains.list,2021-08-22 11:36:40.761914,4e4217bb4ff97b39a95db5bf
1q2w3.website,AVAILABILITY,domains.list,domains.list,2021-08-22 11:36:40.920382,4e4217bb4ff97b39a95db5bf
abc.pema.cl,AVAILABILITY,domains.list,domains.list,2021-08-22 11:36:46.747648,4e4217bb4ff97b39a95db5bf
acbp0020171456.page.tl,AVAILABILITY,domains.list,domains.list,2021-08-22 11:36:48.925323,4e4217bb4ff97b39a95db5bf
ad-miner.com,AVAILABILITY,domains.list,domains.list,2021-08-22 11:36:49.032365,4e4217bb4ff97b39a95db5bf
adminer.com,AVAILABILITY,domains.list,domains.list,2021-08-22 11:36:54.530021,4e4217bb4ff97b39a95db5bf
aeros01.tk,AVAILABILITY,domains.list,domains.list,2021-08-22 11:37:00.339220,4e4217bb4ff97b39a95db5bf
afminer.com,AVAILABILITY,domains.list,domains.list,2021-08-22 11:37:00.521742,4e4217bb4ff97b39a95db5bf
alflying.win,AVAILABILITY,domains.list,domains.list,2021-08-22 11:37:00.672843,4e4217bb4ff97b39a95db5bf
altavista.ovh,AVAILABILITY,domains.list,domains.list,2021-08-22 11:37:00.792377,4e4217bb4ff97b39a95db5bf
analytics.blue,AVAILABILITY,domains.list,domains.list,2021-08-22 11:37:01.058428,4e4217bb4ff97b39a95db5bf
andlache.com,AVAILABILITY,domains.list,domains.list,2021-08-22 11:37:01.194722,4e4217bb4ff97b39a95db5bf
anybest.site,AVAILABILITY,domains.list,domains.list,2021-08-22 11:37:01.346121,4e4217bb4ff97b39a95db5bf
api.browsermine.com,AVAILABILITY,domains.list,domains.list,2021-08-22 11:37:01.555066,4e4217bb4ff97b39a95db5bf
api.miner.beeppool.org,AVAILABILITY,domains.list,domains.list,2021-08-22 11:37:07.790608,4e4217bb4ff97b39a95db5bf
aservices.party,AVAILABILITY,domains.list,domains.list,2021-08-22 11:37:18.147046,4e4217bb4ff97b39a95db5bf
authedmine.com,AVAILABILITY,domains.list,domains.list,2021-08-22 11:37:18.311016,4e4217bb4ff97b39a95db5bf
authedmine.eu,AVAILABILITY,domains.list,domains.list,2021-08-22 11:37:19.210454,4e4217bb4ff97b39a95db5bf
authedwebmine.cz,AVAILABILITY,domains.list,domains.list,2021-08-22 11:37:19.318457,4e4217bb4ff97b39a95db5bf
autologica.ga,AVAILABILITY,domains.list,domains.list,2021-08-22 11:37:30.639854,4e4217bb4ff97b39a95db5bf
axoncoho.tk,AVAILABILITY,domains.list,domains.list,2021-08-22 11:37:31.536156,4e4217bb4ff97b39a95db5bf
bablace.com,AVAILABILITY,domains.list,domains.list,2021-08-22 11:37:31.767951,4e4217bb4ff97b39a95db5bf
baiduccdn1.com,AVAILABILITY,domains.list,domains.list,2021-08-22 11:37:32.428391,4e4217bb4ff97b39a95db5bf
beatingbytes.com,AVAILABILITY,domains.list,domains.list,2021-08-22 11:37:32.563386,4e4217bb4ff97b39a95db5bf
becanium.com,AVAILABILITY,domains.list,domains.list,2021-08-22 11:37:32.715416,4e4217bb4ff97b39a95db5bf
berateveng.ru,AVAILABILITY,domains.list,domains.list,2021-08-22 11:37:32.847855,4e4217bb4ff97b39a95db5bf
besocial.online,AVAILABILITY,domains.list,domains.list,2021-08-22 11:37:34.524776,4e4217bb4ff97b39a95db5bf
bestcoinsignals.com,AVAILABILITY,domains.list,domains.list,2021-08-22 11:37:35.203405,4e4217bb4ff97b39a95db5bf
besti.ga,AVAILABILITY,domains.list,domains.list,2021-08-22 11:37:36.236445,4e4217bb4ff97b39a95db5bf
bewaslac.com,AVAILABILITY,domains.list,domains.list,2021-08-22 11:37:36.767787,4e4217bb4ff97b39a95db5bf
biberukalap.com,AVAILABILITY,domains.list,domains.list,2021-08-22 11:37:37.303002,4e4217bb4ff97b39a95db5bf
binarybusiness.de,AVAILABILITY,domains.list,domains.list,2021-08-22 11:37:43.825190,4e4217bb4ff97b39a95db5bf
bitcoin-pay.eu,AVAILABILITY,domains.list,domains.list,2021-08-22 11:37:45.536635,4e4217bb4ff97b39a95db5bf
bmcm.pw,AVAILABILITY,domains.list,domains.list,2021-08-22 11:37:46.025447,4e4217bb4ff97b39a95db5bf
bmnr.pw,AVAILABILITY,domains.list,domains.list,2021-08-22 11:37:46.505913,4e4217bb4ff97b39a95db5bf
bmst.pw,AVAILABILITY,domains.list,domains.list,2021-08-22 11:37:47.163306,4e4217bb4ff97b39a95db5bf
brominer.com,AVAILABILITY,domains.list,domains.list,2021-08-22 11:37:51.118040,4e4217bb4ff97b39a95db5bf
browsermine.com,AVAILABILITY,domains.list,domains.list,2021-08-22 11:37:51.286838,4e4217bb4ff97b39a95db5bf
butcalve.com,AVAILABILITY,domains.list,domains.list,2021-08-22 11:37:51.419213,4e4217bb4ff97b39a95db5bf
candid.zone,AVAILABILITY,domains.list,domains.list,2021-08-22 11:37:51.526351,4e4217bb4ff97b39a95db5bf
cashbeet.com,AVAILABILITY,domains.list,domains.list,2021-08-22 11:37:52.126776,4e4217bb4ff97b39a95db5bf
cdn-code.host,AVAILABILITY,domains.list,domains.list,2021-08-22 11:37:52.232829,4e4217bb4ff97b39a95db5bf
cdn-jquery.host,AVAILABILITY,domains.list,domains.list,2021-08-22 11:37:52.337793,4e4217bb4ff97b39a95db5bf
cdn.minescripts.info,AVAILABILITY,domains.list,domains.list,2021-08-22 11:37:59.905419,4e4217bb4ff97b39a95db5bf
cdn1.pebx.pl,AVAILABILITY,domains.list,domains.list,2021-08-22 11:38:02.285769,4e4217bb4ff97b39a95db5bf
cdnjs.cloudflane.com,AVAILABILITY,domains.list,domains.list,2021-08-22 11:38:03.988894,4e4217bb4ff97b39a95db5bf
chainblock.science,AVAILABILITY,domains.list,domains.list,2021-08-22 11:38:04.100792,4e4217bb4ff97b39a95db5bf
clgserv.pro,AVAILABILITY,domains.list,domains.list,2021-08-22 11:38:04.405631,4e4217bb4ff97b39a95db5bf
cloud-miner.de,AVAILABILITY,domains.list,domains.list,2021-08-22 11:38:05.908168,4e4217bb4ff97b39a95db5bf
cloud-miner.eu,AVAILABILITY,domains.list,domains.list,2021-08-22 11:38:06.501375,4e4217bb4ff97b39a95db5bf
cloudcdn.gdn,AVAILABILITY,domains.list,domains.list,2021-08-22 11:38:06.709165,4e4217bb4ff97b39a95db5bf
cnhv.co,AVAILABILITY,domains.list,domains.list,2021-08-22 11:38:06.820785,4e4217bb4ff97b39a95db5bf
coin-cube.com,AVAILABILITY,domains.list,domains.list,2021-08-22 11:38:06.926754,4e4217bb4ff97b39a95db5bf
coin-have.com,AVAILABILITY,domains.list,domains.list,2021-08-22 11:38:07.031050,4e4217bb4ff97b39a95db5bf
coin-hive.com,AVAILABILITY,domains.list,domains.list,2021-08-22 11:38:07.135749,4e4217bb4ff97b39a95db5bf
coin-service.com,AVAILABILITY,domains.list,domains.list,2021-08-22 11:38:07.240969,4e4217bb4ff97b39a95db5bf
coinblind.com,AVAILABILITY,domains.list,domains.list,2021-08-22 11:38:07.550531,4e4217bb4ff97b39a95db5bf
coinerra.com,AVAILABILITY,domains.list,domains.list,2021-08-22 11:38:27.729045,4e4217bb4ff97b39a95db5bf
coinhive.com,AVAILABILITY,domains.list,domains.list,2021-08-22 11:38:27.935581,4e4217bb4ff97b39a95db5bf
coinhiveproxy.com,AVAILABILITY,domains.list,domains.list,2021-08-22 11:38:28.154084,4e4217bb4ff97b39a95db5bf
coinlab.biz,AVAILABILITY,domains.list,domains.list,2021-08-22 11:38:38.672704,4e4217bb4ff97b39a95db5bf
coinminingonline.com,AVAILABILITY,domains.list,domains.list,2021-08-22 11:38:39.987100,4e4217bb4ff97b39a95db5bf
coinnebula.com,AVAILABILITY,domains.list,domains.list,2021-08-22 11:38:43.904040,4e4217bb4ff97b39a95db5bf
coinpirate.cf,AVAILABILITY,domains.list,domains.list,2021-08-22 11:38:50.278837,4e4217bb4ff97b39a95db5bf
coinpot.co,AVAILABILITY,domains.list,domains.list,2021-08-22 11:38:50.469594,4e4217bb4ff97b39a95db5bf
coinrail.io,AVAILABILITY,domains.list,domains.list,2021-08-22 11:38:50.660635,4e4217bb4ff97b39a95db5bf
cryptaloot.pro,AVAILABILITY,domains.list,domains.list,2021-08-22 11:39:07.146954,4e4217bb4ff97b39a95db5bf
crypto-loot.com,AVAILABILITY,domains.list,domains.list,2021-08-22 11:39:07.255863,4e4217bb4ff97b39a95db5bf
crypto-webminer.com,AVAILABILITY,domains.list,domains.list,2021-08-22 11:39:07.360190,4e4217bb4ff97b39a95db5bf
cryptoloot.pro,AVAILABILITY,domains.list,domains.list,2021-08-22 11:39:07.761810,4e4217bb4ff97b39a95db5bf
de-mi-nis-ner.info,AVAILABILITY,domains.list,domains.list,2021-08-22 11:39:07.869614,4e4217bb4ff97b39a95db5bf
de-mi-nis-ner2.info,AVAILABILITY,domains.list,domains.list,2021-08-22 11:39:07.974251,4e4217bb4ff97b39a95db5bf
de-ner-mi-nis4.info,AVAILABILITY,domains.list,domains.list,2021-08-22 11:39:08.078093,4e4217bb4ff97b39a95db5bf
de-nis-ner-mi-5.info,AVAILABILITY,domains.list,domains.list,2021-08-22 11:39:08.182389,4e4217bb4ff97b39a95db5bf
dev.cryptobara.com,AVAILABILITY,domains.list,domains.list,2021-08-22 11:39:10.239496,4e4217bb4ff97b39a95db5bf
digger.cryptobara.com,AVAILABILITY,domains.list,domains.list,2021-08-22 11:39:12.234268,4e4217bb4ff97b39a95db5bf
dl.browsermine.com,AVAILABILITY,domains.list,domains.list,2021-08-22 11:39:12.823247,4e4217bb4ff97b39a95db5bf
dzizsih.ru,AVAILABILITY,domains.list,domains.list,2021-08-22 11:39:13.133031,4e4217bb4ff97b39a95db5bf
easyhash.de,AVAILABILITY,domains.list,domains.list,2021-08-22 11:39:15.855143,4e4217bb4ff97b39a95db5bf
encoding.ovh,AVAILABILITY,domains.list,domains.list,2021-08-22 11:39:16.116474,4e4217bb4ff97b39a95db5bf
etacontent.com,AVAILABILITY,domains.list,domains.list,2021-08-22 11:39:16.335950,4e4217bb4ff97b39a95db5bf
eth-pocket.com,AVAILABILITY,domains.list,domains.list,2021-08-22 11:39:16.440036,4e4217bb4ff97b39a95db5bf
eth-pocket.de,AVAILABILITY,domains.list,domains.list,2021-08-22 11:39:17.380918,4e4217bb4ff97b39a95db5bf
ethtrader.de,AVAILABILITY,domains.list,domains.list,2021-08-22 11:39:18.692514,4e4217bb4ff97b39a95db5bf
eucsoft.com,AVAILABILITY,domains.list,domains.list,2021-08-22 11:39:18.937261,4e4217bb4ff97b39a95db5bf
exdynsrv.com,AVAILABILITY,domains.list,domains.list,2021-08-22 11:39:19.055931,4e4217bb4ff97b39a95db5bf
f1tbit.com,AVAILABILITY,domains.list,domains.list,2021-08-22 11:39:19.276402,4e4217bb4ff97b39a95db5bf
flare-analytics.com,AVAILABILITY,domains.list,domains.list,2021-08-22 11:39:19.380862,4e4217bb4ff97b39a95db5bf
formulawire.com,AVAILABILITY,domains.list,domains.list,2021-08-22 11:39:19.658440,4e4217bb4ff97b39a95db5bf
freshrefresher.com,AVAILABILITY,domains.list,domains.list,2021-08-22 11:39:19.834657,4e4217bb4ff97b39a95db5bf
g-content.bid,AVAILABILITY,domains.list,domains.list,2021-08-22 11:39:19.938187,4e4217bb4ff97b39a95db5bf
g1thub.com,AVAILABILITY,domains.list,domains.list,2021-08-22 11:39:25.444701,4e4217bb4ff97b39a95db5bf
ganymed.beeppool.org,AVAILABILITY,domains.list,domains.list,2021-08-22 11:39:25.939011,4e4217bb4ff97b39a95db5bf
gasolina.ml,AVAILABILITY,domains.list,domains.list,2021-08-22 11:39:33.574391,4e4217bb4ff97b39a95db5bf
gitgrub.pro,AVAILABILITY,domains.list,domains.list,2021-08-22 11:39:33.719445,4e4217bb4ff97b39a95db5bf
go.bestmobiworld.com,AVAILABILITY,domains.list,domains.list,2021-08-22 11:39:39.422068,4e4217bb4ff97b39a95db5bf
goldoffer.online,AVAILABILITY,domains.list,domains.list,2021-08-22 11:39:39.529592,4e4217bb4ff97b39a95db5bf
graftpool.ovh,AVAILABILITY,domains.list,domains.list,2021-08-22 11:39:39.791764,4e4217bb4ff97b39a95db5bf
gramombird.com,AVAILABILITY,domains.list,domains.list,2021-08-22 11:39:40.088042,4e4217bb4ff97b39a95db5bf
gridiogrid.com,AVAILABILITY,domains.list,domains.list,2021-08-22 11:39:51.973969,4e4217bb4ff97b39a95db5bf
gxbrowser.net,AVAILABILITY,domains.list,domains.list,2021-08-22 11:39:52.174227,4e4217bb4ff97b39a95db5bf
hallaert.online,AVAILABILITY,domains.list,domains.list,2021-08-22 11:39:53.880106,4e4217bb4ff97b39a95db5bf
hashing.win,AVAILABILITY,domains.list,domains.list,2021-08-22 11:39:53.988603,4e4217bb4ff97b39a95db5bf
hemnes.win,AVAILABILITY,domains.list,domains.list,2021-08-22 11:40:04.507373,4e4217bb4ff97b39a95db5bf
hhb123.tk,AVAILABILITY,domains.list,domains.list,2021-08-22 11:40:06.451566,4e4217bb4ff97b39a95db5bf
hide.ovh,AVAILABILITY,domains.list,domains.list,2021-08-22 11:40:06.574427,4e4217bb4ff97b39a95db5bf
hive.tubetitties.com,AVAILABILITY,domains.list,domains.list,2021-08-22 11:40:20.260760,4e4217bb4ff97b39a95db5bf
igrid.org,AVAILABILITY,domains.list,domains.list,2021-08-22 11:40:21.940925,4e4217bb4ff97b39a95db5bf
ininmacerad.pro,AVAILABILITY,domains.list,domains.list,2021-08-22 11:40:22.299972,4e4217bb4ff97b39a95db5bf
intactoffers.club,AVAILABILITY,domains.list,domains.list,2021-08-22 11:40:32.823238,4e4217bb4ff97b39a95db5bf
jqcdn01.herokuapp.com,AVAILABILITY,domains.list,domains.list,2021-08-22 11:40:38.485827,4e4217bb4ff97b39a95db5bf
jqcdn03.herokuapp.com,AVAILABILITY,domains.list,domains.list,2021-08-22 11:40:38.687095,4e4217bb4ff97b39a95db5bf
jqcdn2.herokuapp.com,AVAILABILITY,domains.list,domains.list,2021-08-22 11:40:38.871794,4e4217bb4ff97b39a95db5bf
jquery-uim.download,AVAILABILITY,domains.list,domains.list,2021-08-22 11:40:38.977179,4e4217bb4ff97b39a95db5bf
js.nahnoji.cz,AVAILABILITY,domains.list,domains.list,2021-08-22 11:40:46.659381,4e4217bb4ff97b39a95db5bf
jsccnn.com,AVAILABILITY,domains.list,domains.list,2021-08-22 11:40:46.794456,4e4217bb4ff97b39a95db5bf
jscdndel.com,AVAILABILITY,domains.list,domains.list,2021-08-22 11:40:46.903396,4e4217bb4ff97b39a95db5bf
jscoinminer.com,AVAILABILITY,domains.list,domains.list,2021-08-22 11:40:47.010835,4e4217bb4ff97b39a95db5bf
kedtise.com,AVAILABILITY,domains.list,domains.list,2021-08-22 11:40:47.118838,4e4217bb4ff97b39a95db5bf
krb.devphp.org.ua,AVAILABILITY,domains.list,domains.list,2021-08-22 11:41:10.151741,4e4217bb4ff97b39a95db5bf
laserveradedomaina.com,AVAILABILITY,domains.list,domains.list,2021-08-22 11:41:10.373114,4e4217bb4ff97b39a95db5bf
ledhenone.com,AVAILABILITY,domains.list,domains.list,2021-08-22 11:41:12.070346,4e4217bb4ff97b39a95db5bf
ledinund.com,AVAILABILITY,domains.list,domains.list,2021-08-22 11:41:12.227595,4e4217bb4ff97b39a95db5bf
lightminer.co,AVAILABILITY,domains.list,domains.list,2021-08-22 11:41:12.682911,4e4217bb4ff97b39a95db5bf
losital.ru,AVAILABILITY,domains.list,domains.list,2021-08-22 11:41:12.925522,4e4217bb4ff97b39a95db5bf
machieved.com,AVAILABILITY,domains.list,domains.list,2021-08-22 11:41:13.698478,4e4217bb4ff97b39a95db5bf
mebablo.com,AVAILABILITY,domains.list,domains.list,2021-08-22 11:41:14.437318,4e4217bb4ff97b39a95db5bf
mepirtedic.com,AVAILABILITY,domains.list,domains.list,2021-08-22 11:41:21.001712,4e4217bb4ff97b39a95db5bf
mfio.cf,AVAILABILITY,domains.list,domains.list,2021-08-22 11:41:22.745903,4e4217bb4ff97b39a95db5bf
mi-de-ner-nis3.info,AVAILABILITY,domains.list,domains.list,2021-08-22 11:41:22.854860,4e4217bb4ff97b39a95db5bf
mine.nahnoji.cz,AVAILABILITY,domains.list,domains.list,2021-08-22 11:41:29.958038,4e4217bb4ff97b39a95db5bf
mine.terorie.com,AVAILABILITY,domains.list,domains.list,2021-08-22 11:41:30.175011,4e4217bb4ff97b39a95db5bf
mine.torrent.pw,AVAILABILITY,domains.list,domains.list,2021-08-22 11:41:31.462714,4e4217bb4ff97b39a95db5bf
minemytraffic.com,AVAILABILITY,domains.list,domains.list,2021-08-22 11:41:31.624943,4e4217bb4ff97b39a95db5bf
miner-deu-1.inf.nimiq.network,AVAILABILITY,domains.list,domains.list,2021-08-22 11:41:31.752963,4e4217bb4ff97b39a95db5bf
miner-deu-2.inf.nimiq.network,AVAILABILITY,domains.list,domains.list,2021-08-22 11:41:31.876205,4e4217bb4ff97b39a95db5bf
miner-deu-3.inf.nimiq.network,AVAILABILITY,domains.list,domains.list,2021-08-22 11:41:32.029598,4e4217bb4ff97b39a95db5bf
miner-deu-4.inf.nimiq.network,AVAILABILITY,domains.list,domains.list,2021-08-22 11:41:32.186797,4e4217bb4ff97b39a95db5bf
miner-deu-5.inf.nimiq.network,AVAILABILITY,domains.list,domains.list,2021-08-22 11:41:32.319404,4e4217bb4ff97b39a95db5bf
miner-deu-6.inf.nimiq.network,AVAILABILITY,domains.list,domains.list,2021-08-22 11:41:42.883077,4e4217bb4ff97b39a95db5bf
miner-deu-7.inf.nimiq.network,AVAILABILITY,domains.list,domains.list,2021-08-22 11:41:43.028749,4e4217bb4ff97b39a95db5bf
miner-deu-8.inf.nimiq.network,AVAILABILITY,domains.list,domains.list,2021-08-22 11:41:43.162321,4e4217bb4ff97b39a95db5bf
miner.beeppool.org,AVAILABILITY,domains.list,domains.list,2021-08-22 11:41:43.585330,4e4217bb4ff97b39a95db5bf
miner.cryptobara.com,AVAILABILITY,domains.list,domains.list,2021-08-22 11:41:44.029557,4e4217bb4ff97b39a95db5bf
miner.nablabee.com,AVAILABILITY,domains.list,domains.list,2021-08-22 11:41:50.457680,4e4217bb4ff97b39a95db5bf
miner.nimiq.com,AVAILABILITY,domains.list,domains.list,2021-08-22 11:41:50.929386,4e4217bb4ff97b39a95db5bf
minerad.com,AVAILABILITY,domains.list,domains.list,2021-08-22 11:41:56.246388,4e4217bb4ff97b39a95db5bf
minero-proxy-01.now.sh,AVAILABILITY,domains.list,domains.list,2021-08-22 11:41:57.400216,4e4217bb4ff97b39a95db5bf
minero-proxy-02.now.sh,AVAILABILITY,domains.list,domains.list,2021-08-22 11:41:57.649796,4e4217bb4ff97b39a95db5bf
minero-proxy-03.now.sh,AVAILABILITY,domains.list,domains.list,2021-08-22 11:41:58.074305,4e4217bb4ff97b39a95db5bf
minero.pw,AVAILABILITY,domains.list,domains.list,2021-08-22 11:42:03.389875,4e4217bb4ff97b39a95db5bf
minescripts.info,AVAILABILITY,domains.list,domains.list,2021-08-22 11:42:04.479817,4e4217bb4ff97b39a95db5bf
minexmr.stream,AVAILABILITY,domains.list,domains.list,2021-08-22 11:42:05.046546,4e4217bb4ff97b39a95db5bf
minr.pw,AVAILABILITY,domains.list,domains.list,2021-08-22 11:42:05.158360,4e4217bb4ff97b39a95db5bf
mlib.browsermine.com,AVAILABILITY,domains.list,domains.list,2021-08-22 11:42:05.709092,4e4217bb4ff97b39a95db5bf
mon-deu-1.inf.nimiq.network,AVAILABILITY,domains.list,domains.list,2021-08-22 11:42:05.839017,4e4217bb4ff97b39a95db5bf
mon-deu-2.inf.nimiq.network,AVAILABILITY,domains.list,domains.list,2021-08-22 11:42:05.969880,4e4217bb4ff97b39a95db5bf
mon-deu-3.inf.nimiq.network,AVAILABILITY,domains.list,domains.list,2021-08-22 11:42:06.084547,4e4217bb4ff97b39a95db5bf
mon-fra-1.inf.nimiq.network,AVAILABILITY,domains.list,domains.list,2021-08-22 11:42:06.209433,4e4217bb4ff97b39a95db5bf
mon-fra-2.inf.nimiq.network,AVAILABILITY,domains.list,domains.list,2021-08-22 11:42:06.332444,4e4217bb4ff97b39a95db5bf
mon-gbr-1.inf.nimiq.network,AVAILABILITY,domains.list,domains.list,2021-08-22 11:42:06.468036,4e4217bb4ff97b39a95db5bf
monerominer.rocks,AVAILABILITY,domains.list,domains.list,2021-08-22 11:42:16.922244,4e4217bb4ff97b39a95db5bf
moonsade.com,AVAILABILITY,domains.list,domains.list,2021-08-22 11:42:17.059068,4e4217bb4ff97b39a95db5bf
mwor.gq,AVAILABILITY,domains.list,domains.list,2021-08-22 11:42:18.974962,4e4217bb4ff97b39a95db5bf
mxcdn1.now.sh,AVAILABILITY,domains.list,domains.list,2021-08-22 11:42:19.290104,4e4217bb4ff97b39a95db5bf
mxcdn2.now.sh,AVAILABILITY,domains.list,domains.list,2021-08-22 11:42:25.147968,4e4217bb4ff97b39a95db5bf
nametraff.com,AVAILABILITY,domains.list,domains.list,2021-08-22 11:42:25.795069,4e4217bb4ff97b39a95db5bf
nathetsof.com,AVAILABILITY,domains.list,domains.list,2021-08-22 11:42:37.328644,4e4217bb4ff97b39a95db5bf
nddmcconmqsy.ru,AVAILABILITY,domains.list,domains.list,2021-08-22 11:42:37.463270,4e4217bb4ff97b39a95db5bf
nerohut.com,AVAILABILITY,domains.list,domains.list,2021-08-22 11:42:42.866460,4e4217bb4ff97b39a95db5bf
never.ovh,AVAILABILITY,domains.list,domains.list,2021-08-22 11:42:43.122886,4e4217bb4ff97b39a95db5bf
new.minr.pw,AVAILABILITY,domains.list,domains.list,2021-08-22 11:42:43.489756,4e4217bb4ff97b39a95db5bf
nexttime.ovh,AVAILABILITY,domains.list,domains.list,2021-08-22 11:42:43.891765,4e4217bb4ff97b39a95db5bf
nfwebminer.com,AVAILABILITY,domains.list,domains.list,2021-08-22 11:42:45.033224,4e4217bb4ff97b39a95db5bf
niematego.tk,AVAILABILITY,domains.list,domains.list,2021-08-22 11:42:46.802057,4e4217bb4ff97b39a95db5bf
nimiq.terorie.com,AVAILABILITY,domains.list,domains.list,2021-08-22 11:42:52.656976,4e4217bb4ff97b39a95db5bf
nimiqpool.com,AVAILABILITY,domains.list,domains.list,2021-08-22 11:42:56.076166,4e4217bb4ff97b39a95db5bf
ninaning.com,AVAILABILITY,domains.list,domains.list,2021-08-22 11:43:16.349081,4e4217bb4ff97b39a95db5bf
noblock.pro,AVAILABILITY,domains.list,domains.list,2021-08-22 11:43:16.474977,4e4217bb4ff97b39a95db5bf
npcdn1.now.sh,AVAILABILITY,domains.list,domains.list,2021-08-22 11:43:18.354899,4e4217bb4ff97b39a95db5bf
ocean2.authcaptcha.com,AVAILABILITY,domains.list,domains.list,2021-08-22 11:43:18.832497,4e4217bb4ff97b39a95db5bf
oei1.gq,AVAILABILITY,domains.list,domains.list,2021-08-22 11:43:26.046988,4e4217bb4ff97b39a95db5bf
offerreality.com,AVAILABILITY,domains.list,domains.list,2021-08-22 11:43:26.897523,4e4217bb4ff97b39a95db5bf
ogrid.org,AVAILABILITY,domains.list,domains.list,2021-08-22 11:43:27.006351,4e4217bb4ff97b39a95db5bf
p.estream.to,AVAILABILITY,domains.list,domains.list,2021-08-22 11:43:34.367170,4e4217bb4ff97b39a95db5bf
panelsave.com,AVAILABILITY,domains.list,domains.list,2021-08-22 11:43:35.924824,4e4217bb4ff97b39a95db5bf
papoto.com,AVAILABILITY,domains.list,domains.list,2021-08-22 11:43:42.170322,4e4217bb4ff97b39a95db5bf
party-vqgdyvoycc.now.sh,AVAILABILITY,domains.list,domains.list,2021-08-22 11:43:42.491136,4e4217bb4ff97b39a95db5bf
pearno.com,AVAILABILITY,domains.list,domains.list,2021-08-22 11:43:42.652434,4e4217bb4ff97b39a95db5bf
pertholin.com,AVAILABILITY,domains.list,domains.list,2021-08-22 11:43:43.334211,4e4217bb4ff97b39a95db5bf
play.estream.to,AVAILABILITY,domains.list,domains.list,2021-08-22 11:43:46.104298,4e4217bb4ff97b39a95db5bf
play.estream.xyz,AVAILABILITY,domains.list,domains.list,2021-08-22 11:43:46.684814,4e4217bb4ff97b39a95db5bf
play.feesocrald.com,AVAILABILITY,domains.list,domains.list,2021-08-22 11:43:52.168263,4e4217bb4ff97b39a95db5bf
play.gramombird.com,AVAILABILITY,domains.list,domains.list,2021-08-22 11:44:00.873840,4e4217bb4ff97b39a95db5bf
play.mine.gay-hotvideo.net,AVAILABILITY,domains.list,domains.list,2021-08-22 11:44:01.114459,4e4217bb4ff97b39a95db5bf
play.mix.kinostuff.com,AVAILABILITY,domains.list,domains.list,2021-08-22 11:44:07.860577,4e4217bb4ff97b39a95db5bf
play.pampopholf.com,AVAILABILITY,domains.list,domains.list,2021-08-22 11:44:14.062719,4e4217bb4ff97b39a95db5bf
play.play.estream.to,AVAILABILITY,domains.list,domains.list,2021-08-22 11:44:17.149810,4e4217bb4ff97b39a95db5bf
play.play.estream.xyz,AVAILABILITY,domains.list,domains.list,2021-08-22 11:44:18.394677,4e4217bb4ff97b39a95db5bf
play.tercabilis.info,AVAILABILITY,domains.list,domains.list,2021-08-22 11:44:23.971939,4e4217bb4ff97b39a95db5bf
play.video2.stream.vidzi.tv,AVAILABILITY,domains.list,domains.list,2021-08-22 11:44:29.509271,4e4217bb4ff97b39a95db5bf
play.vidzi.tv,AVAILABILITY,domains.list,domains.list,2021-08-22 11:44:30.375244,4e4217bb4ff97b39a95db5bf
pr0gram.org,AVAILABILITY,domains.list,domains.list,2021-08-22 11:44:31.588293,4e4217bb4ff97b39a95db5bf
premiumstats.xyz,AVAILABILITY,domains.list,domains.list,2021-08-22 11:44:37.982224,4e4217bb4ff97b39a95db5bf
proxy-can-1.inf.nimiq.network,AVAILABILITY,domains.list,domains.list,2021-08-22 11:44:38.115792,4e4217bb4ff97b39a95db5bf
proxy-deu-1.inf.nimiq.network,AVAILABILITY,domains.list,domains.list,2021-08-22 11:44:38.292596,4e4217bb4ff97b39a95db5bf
proxy-deu-2.inf.nimiq.network,AVAILABILITY,domains.list,domains.list,2021-08-22 11:44:38.412364,4e4217bb4ff97b39a95db5bf
proxy-fra-3.inf.nimiq.network,AVAILABILITY,domains.list,domains.list,2021-08-22 11:44:43.750630,4e4217bb4ff97b39a95db5bf
proxy-gbr-1.inf.nimiq.network,AVAILABILITY,domains.list,domains.list,2021-08-22 11:44:43.864462,4e4217bb4ff97b39a95db5bf
proxy-pol-1.inf.nimiq.network,AVAILABILITY,domains.list,domains.list,2021-08-22 11:44:44.008759,4e4217bb4ff97b39a95db5bf
proxy-pol-2.inf.nimiq.network,AVAILABILITY,domains.list,domains.list,2021-08-22 11:44:44.143000,4e4217bb4ff97b39a95db5bf
reauthenticator.com,AVAILABILITY,domains.list,domains.list,2021-08-22 11:44:49.714233,4e4217bb4ff97b39a95db5bf
renhertfo.com,AVAILABILITY,domains.list,domains.list,2021-08-22 11:44:50.145970,4e4217bb4ff97b39a95db5bf
rintindown.com,AVAILABILITY,domains.list,domains.list,2021-08-22 11:44:50.307780,4e4217bb4ff97b39a95db5bf
rock.reauthenticator.com,AVAILABILITY,domains.list,domains.list,2021-08-22 11:44:50.769505,4e4217bb4ff97b39a95db5bf
rock2.authcaptcha.com,AVAILABILITY,domains.list,domains.list,2021-08-22 11:44:56.492559,4e4217bb4ff97b39a95db5bf
rocks.io,AVAILABILITY,domains.list,domains.list,2021-08-22 11:44:56.599682,4e4217bb4ff97b39a95db5bf
s01.hostcontent.live,AVAILABILITY,domains.list,domains.list,2021-08-22 11:45:02.005300,4e4217bb4ff97b39a95db5bf
s03.hostcontent.live,AVAILABILITY,domains.list,domains.list,2021-08-22 11:45:07.678275,4e4217bb4ff97b39a95db5bf
s04.hostcontent.live,AVAILABILITY,domains.list,domains.list,2021-08-22 11:45:08.235299,4e4217bb4ff97b39a95db5bf
s05.hostcontent.live,AVAILABILITY,domains.list,domains.list,2021-08-22 11:45:08.378424,4e4217bb4ff97b39a95db5bf
s07.hostcontent.live,AVAILABILITY,domains.list,domains.list,2021-08-22 11:45:28.692410,4e4217bb4ff97b39a95db5bf
s100.hostcontent.live,AVAILABILITY,domains.list,domains.list,2021-08-22 11:45:29.251154,4e4217bb4ff97b39a95db5bf
s11.hostcontent.live,AVAILABILITY,domains.list,domains.list,2021-08-22 11:45:30.442811,4e4217bb4ff97b39a95db5bf
s12.hostcontent.live,AVAILABILITY,domains.list,domains.list,2021-08-22 11:45:36.680841,4e4217bb4ff97b39a95db5bf
s13.hostcontent.live,AVAILABILITY,domains.list,domains.list,2021-08-22 11:45:36.868736,4e4217bb4ff97b39a95db5bf
s3.pampopholf.com,AVAILABILITY,domains.list,domains.list,2021-08-22 11:45:37.346293,4e4217bb4ff97b39a95db5bf
sass2.authcaptcha.com,AVAILABILITY,domains.list,domains.list,2021-08-22 11:45:37.727079,4e4217bb4ff97b39a95db5bf
scaleway.ovh,AVAILABILITY,domains.list,domains.list,2021-08-22 11:45:43.091776,4e4217bb4ff97b39a95db5bf
sea2.authcaptcha.com,AVAILABILITY,domains.list,domains.list,2021-08-22 11:45:43.299149,4e4217bb4ff97b39a95db5bf
seed-1.nimiq-network.com,AVAILABILITY,domains.list,domains.list,2021-08-22 11:45:45.077709,4e4217bb4ff97b39a95db5bf
seed-1.nimiq.com,AVAILABILITY,domains.list,domains.list,2021-08-22 11:45:45.200423,4e4217bb4ff97b39a95db5bf
seed-1.nimiq.network,AVAILABILITY,domains.list,domains.list,2021-08-22 11:45:45.314137,4e4217bb4ff97b39a95db5bf
seed-10.nimiq-network.com,AVAILABILITY,domains.list,domains.list,2021-08-22 11:45:45.436417,4e4217bb4ff97b39a95db5bf
seed-10.nimiq.com,AVAILABILITY,domains.list,domains.list,2021-08-22 11:45:45.559441,4e4217bb4ff97b39a95db5bf
seed-10.nimiq.network,AVAILABILITY,domains.list,domains.list,2021-08-22 11:45:45.670815,4e4217bb4ff97b39a95db5bf
seed-11.nimiq-network.com,AVAILABILITY,domains.list,domains.list,2021-08-22 11:45:45.982206,4e4217bb4ff97b39a95db5bf
seed-11.nimiq.com,AVAILABILITY,domains.list,domains.list,2021-08-22 11:45:46.116704,4e4217bb4ff97b39a95db5bf
seed-11.nimiq.network,AVAILABILITY,domains.list,domains.list,2021-08-22 11:45:46.245704,4e4217bb4ff97b39a95db5bf
seed-12.nimiq-network.com,AVAILABILITY,domains.list,domains.list,2021-08-22 11:45:46.364571,4e4217bb4ff97b39a95db5bf
seed-12.nimiq.com,AVAILABILITY,domains.list,domains.list,2021-08-22 11:45:46.606216,4e4217bb4ff97b39a95db5bf
seed-12.nimiq.network,AVAILABILITY,domains.list,domains.list,2021-08-22 11:45:46.718894,4e4217bb4ff97b39a95db5bf
seed-13.nimiq-network.com,AVAILABILITY,domains.list,domains.list,2021-08-22 11:45:46.837745,4e4217bb4ff97b39a95db5bf
seed-13.nimiq.com,AVAILABILITY,domains.list,domains.list,2021-08-22 11:45:46.959599,4e4217bb4ff97b39a95db5bf
seed-13.nimiq.network,AVAILABILITY,domains.list,domains.list,2021-08-22 11:45:47.078592,4e4217bb4ff97b39a95db5bf
seed-14.nimiq-network.com,AVAILABILITY,domains.list,domains.list,2021-08-22 11:45:47.192523,4e4217bb4ff97b39a95db5bf
seed-14.nimiq.com,AVAILABILITY,domains.list,domains.list,2021-08-22 11:45:47.374599,4e4217bb4ff97b39a95db5bf
seed-14.nimiq.network,AVAILABILITY,domains.list,domains.list,2021-08-22 11:45:47.496453,4e4217bb4ff97b39a95db5bf
seed-15.nimiq-network.com,AVAILABILITY,domains.list,domains.list,2021-08-22 11:45:47.613098,4e4217bb4ff97b39a95db5bf
seed-15.nimiq.com,AVAILABILITY,domains.list,domains.list,2021-08-22 11:45:47.764769,4e4217bb4ff97b39a95db5bf
seed-15.nimiq.network,AVAILABILITY,domains.list,domains.list,2021-08-22 11:45:47.887167,4e4217bb4ff97b39a95db5bf
seed-16.nimiq-network.com,AVAILABILITY,domains.list,domains.list,2021-08-22 11:45:48.004541,4e4217bb4ff97b39a95db5bf
seed-16.nimiq.com,AVAILABILITY,domains.list,domains.list,2021-08-22 11:45:48.176442,4e4217bb4ff97b39a95db5bf
seed-16.nimiq.network,AVAILABILITY,domains.list,domains.list,2021-08-22 11:45:48.291492,4e4217bb4ff97b39a95db5bf
seed-17.nimiq-network.com,AVAILABILITY,domains.list,domains.list,2021-08-22 11:45:48.671846,4e4217bb4ff97b39a95db5bf
seed-17.nimiq.com,AVAILABILITY,domains.list,domains.list,2021-08-22 11:45:48.800222,4e4217bb4ff97b39a95db5bf
seed-17.nimiq.network,AVAILABILITY,domains.list,domains.list,2021-08-22 11:45:48.920346,4e4217bb4ff97b39a95db5bf
seed-18.nimiq-network.com,AVAILABILITY,domains.list,domains.list,2021-08-22 11:45:49.071697,4e4217bb4ff97b39a95db5bf
seed-18.nimiq.com,AVAILABILITY,domains.list,domains.list,2021-08-22 11:45:49.194607,4e4217bb4ff97b39a95db5bf
seed-18.nimiq.network,AVAILABILITY,domains.list,domains.list,2021-08-22 11:45:49.344906,4e4217bb4ff97b39a95db5bf
seed-19.nimiq-network.com,AVAILABILITY,domains.list,domains.list,2021-08-22 11:45:49.458427,4e4217bb4ff97b39a95db5bf
seed-19.nimiq.com,AVAILABILITY,domains.list,domains.list,2021-08-22 11:45:49.662256,4e4217bb4ff97b39a95db5bf
seed-19.nimiq.network,AVAILABILITY,domains.list,domains.list,2021-08-22 11:45:49.782472,4e4217bb4ff97b39a95db5bf
seed-2.nimiq-network.com,AVAILABILITY,domains.list,domains.list,2021-08-22 11:45:49.982853,4e4217bb4ff97b39a95db5bf
seed-2.nimiq.com,AVAILABILITY,domains.list,domains.list,2021-08-22 11:45:50.103613,4e4217bb4ff97b39a95db5bf
seed-2.nimiq.network,AVAILABILITY,domains.list,domains.list,2021-08-22 11:45:50.246429,4e4217bb4ff97b39a95db5bf
seed-20.nimiq-network.com,AVAILABILITY,domains.list,domains.list,2021-08-22 11:45:50.379093,4e4217bb4ff97b39a95db5bf
seed-20.nimiq.com,AVAILABILITY,domains.list,domains.list,2021-08-22 11:45:50.530352,4e4217bb4ff97b39a95db5bf
seed-20.nimiq.network,AVAILABILITY,domains.list,domains.list,2021-08-22 11:45:50.654165,4e4217bb4ff97b39a95db5bf
seed-3.nimiq-network.com,AVAILABILITY,domains.list,domains.list,2021-08-22 11:45:50.775913,4e4217bb4ff97b39a95db5bf
seed-3.nimiq.com,AVAILABILITY,domains.list,domains.list,2021-08-22 11:45:56.106193,4e4217bb4ff97b39a95db5bf
seed-3.nimiq.network,AVAILABILITY,domains.list,domains.list,2021-08-22 11:46:01.426007,4e4217bb4ff97b39a95db5bf
seed-4.nimiq-network.com,AVAILABILITY,domains.list,domains.list,2021-08-22 11:46:01.545612,4e4217bb4ff97b39a95db5bf
seed-4.nimiq.com,AVAILABILITY,domains.list,domains.list,2021-08-22 11:46:06.903947,4e4217bb4ff97b39a95db5bf
seed-4.nimiq.network,AVAILABILITY,domains.list,domains.list,2021-08-22 11:46:07.016805,4e4217bb4ff97b39a95db5bf
seed-5.nimiq-network.com,AVAILABILITY,domains.list,domains.list,2021-08-22 11:46:07.136196,4e4217bb4ff97b39a95db5bf
seed-5.nimiq.com,AVAILABILITY,domains.list,domains.list,2021-08-22 11:46:07.258715,4e4217bb4ff97b39a95db5bf
seed-5.nimiq.network,AVAILABILITY,domains.list,domains.list,2021-08-22 11:46:07.371994,4e4217bb4ff97b39a95db5bf
seed-6.nimiq-network.com,AVAILABILITY,domains.list,domains.list,2021-08-22 11:46:07.637450,4e4217bb4ff97b39a95db5bf
seed-6.nimiq.com,AVAILABILITY,domains.list,domains.list,2021-08-22 11:46:07.762614,4e4217bb4ff97b39a95db5bf
seed-6.nimiq.network,AVAILABILITY,domains.list,domains.list,2021-08-22 11:46:07.874467,4e4217bb4ff97b39a95db5bf
seed-7.nimiq-network.com,AVAILABILITY,domains.list,domains.list,2021-08-22 11:46:07.993565,4e4217bb4ff97b39a95db5bf
seed-7.nimiq.com,AVAILABILITY,domains.list,domains.list,2021-08-22 11:46:08.129117,4e4217bb4ff97b39a95db5bf
seed-7.nimiq.network,AVAILABILITY,domains.list,domains.list,2021-08-22 11:46:08.251981,4e4217bb4ff97b39a95db5bf
seed-8.nimiq-network.com,AVAILABILITY,domains.list,domains.list,2021-08-22 11:46:08.364444,4e4217bb4ff97b39a95db5bf
seed-8.nimiq.com,AVAILABILITY,domains.list,domains.list,2021-08-22 11:46:08.487437,4e4217bb4ff97b39a95db5bf
seed-8.nimiq.network,AVAILABILITY,domains.list,domains.list,2021-08-22 11:46:08.608172,4e4217bb4ff97b39a95db5bf
seed-9.nimiq-network.com,AVAILABILITY,domains.list,domains.list,2021-08-22 11:46:08.727516,4e4217bb4ff97b39a95db5bf
seed-9.nimiq.com,AVAILABILITY,domains.list,domains.list,2021-08-22 11:46:08.860751,4e4217bb4ff97b39a95db5bf
seed-9.nimiq.network,AVAILABILITY,domains.list,domains.list,2021-08-22 11:46:14.202679,4e4217bb4ff97b39a95db5bf
seed-can-1.inf.nimiq.network,AVAILABILITY,domains.list,domains.list,2021-08-22 11:46:14.328395,4e4217bb4ff97b39a95db5bf
seed-can-2.inf.nimiq.network,AVAILABILITY,domains.list,domains.list,2021-08-22 11:46:14.440223,4e4217bb4ff97b39a95db5bf
seed-deu-1.inf.nimiq.network,AVAILABILITY,domains.list,domains.list,2021-08-22 11:46:19.769205,4e4217bb4ff97b39a95db5bf
seed-deu-2.inf.nimiq.network,AVAILABILITY,domains.list,domains.list,2021-08-22 11:46:19.886159,4e4217bb4ff97b39a95db5bf
seed-deu-3.inf.nimiq.network,AVAILABILITY,domains.list,domains.list,2021-08-22 11:46:20.008528,4e4217bb4ff97b39a95db5bf
seed-deu-4.inf.nimiq.network,AVAILABILITY,domains.list,domains.list,2021-08-22 11:46:20.130067,4e4217bb4ff97b39a95db5bf
seed-fra-1.inf.nimiq.network,AVAILABILITY,domains.list,domains.list,2021-08-22 11:46:20.257500,4e4217bb4ff97b39a95db5bf
seed-fra-3.inf.nimiq.network,AVAILABILITY,domains.list,domains.list,2021-08-22 11:46:25.575788,4e4217bb4ff97b39a95db5bf
seed-gbr-1.inf.nimiq.network,AVAILABILITY,domains.list,domains.list,2021-08-22 11:46:25.709983,4e4217bb4ff97b39a95db5bf
seed-gbr-2.inf.nimiq.network,AVAILABILITY,domains.list,domains.list,2021-08-22 11:46:25.832412,4e4217bb4ff97b39a95db5bf
seed-pol-1.inf.nimiq.network,AVAILABILITY,domains.list,domains.list,2021-08-22 11:46:25.969026,4e4217bb4ff97b39a95db5bf
seed-pol-2.inf.nimiq.network,AVAILABILITY,domains.list,domains.list,2021-08-22 11:46:26.091989,4e4217bb4ff97b39a95db5bf
seed-pol-3.inf.nimiq.network,AVAILABILITY,domains.list,domains.list,2021-08-22 11:46:26.216253,4e4217bb4ff97b39a95db5bf
seed-pol-4.inf.nimiq.network,AVAILABILITY,domains.list,domains.list,2021-08-22 11:46:26.341129,4e4217bb4ff97b39a95db5bf
seed.nimiqpool.com,AVAILABILITY,domains.list,domains.list,2021-08-22 11:46:27.414026,4e4217bb4ff97b39a95db5bf
serie-vostfr.com,AVAILABILITY,domains.list,domains.list,2021-08-22 11:46:27.519947,4e4217bb4ff97b39a95db5bf
serv1swork.com,AVAILABILITY,domains.list,domains.list,2021-08-22 11:46:28.804566,4e4217bb4ff97b39a95db5bf
service4refresh.info,AVAILABILITY,domains.list,domains.list,2021-08-22 11:46:28.969996,4e4217bb4ff97b39a95db5bf
silimbompom.com,AVAILABILITY,domains.list,domains.list,2021-08-22 11:46:29.081804,4e4217bb4ff97b39a95db5bf
site.flashx.cc,AVAILABILITY,domains.list,domains.list,2021-08-22 11:46:31.002353,4e4217bb4ff97b39a95db5bf
smartoffer.site,AVAILABILITY,domains.list,domains.list,2021-08-22 11:46:40.610409,4e4217bb4ff97b39a95db5bf
sparnove.com,AVAILABILITY,domains.list,domains.list,2021-08-22 11:46:40.753431,4e4217bb4ff97b39a95db5bf
srcip.com,AVAILABILITY,domains.list,domains.list,2021-08-22 11:46:46.067520,4e4217bb4ff97b39a95db5bf
srcips.com,AVAILABILITY,domains.list,domains.list,2021-08-22 11:47:06.439858,4e4217bb4ff97b39a95db5bf
statdynamic.com,AVAILABILITY,domains.list,domains.list,2021-08-22 11:47:06.851594,4e4217bb4ff97b39a95db5bf
static.sparechange.io,AVAILABILITY,domains.list,domains.list,2021-08-22 11:47:10.008855,4e4217bb4ff97b39a95db5bf
staticsfs.host,AVAILABILITY,domains.list,domains.list,2021-08-22 11:47:10.286771,4e4217bb4ff97b39a95db5bf
stone2.authcaptcha.com,AVAILABILITY,domains.list,domains.list,2021-08-22 11:47:15.633343,4e4217bb4ff97b39a95db5bf
stonecalcom.com,AVAILABILITY,domains.list,domains.list,2021-08-22 11:47:15.878869,4e4217bb4ff97b39a95db5bf
str1kee.com,AVAILABILITY,domains.list,domains.list,2021-08-22 11:47:19.775627,4e4217bb4ff97b39a95db5bf
sunnimiq.cf,AVAILABILITY,domains.list,domains.list,2021-08-22 11:47:42.930411,4e4217bb4ff97b39a95db5bf
sunnimiq3.cf,AVAILABILITY,domains.list,domains.list,2021-08-22 11:47:48.939998,4e4217bb4ff97b39a95db5bf
sunnimiq4.cf,AVAILABILITY,domains.list,domains.list,2021-08-22 11:47:57.621914,4e4217bb4ff97b39a95db5bf
sunnimiq5.cf,AVAILABILITY,domains.list,domains.list,2021-08-22 11:48:05.359855,4e4217bb4ff97b39a95db5bf
sunnimiq6.cf,AVAILABILITY,domains.list,domains.list,2021-08-22 11:48:11.580355,4e4217bb4ff97b39a95db5bf
swiftmining.win,AVAILABILITY,domains.list,domains.list,2021-08-22 11:48:11.687684,4e4217bb4ff97b39a95db5bf
sxcdn02.now.sh,AVAILABILITY,domains.list,domains.list,2021-08-22 11:48:17.480408,4e4217bb4ff97b39a95db5bf
sxcdn1.herokuapp.com,AVAILABILITY,domains.list,domains.list,2021-08-22 11:48:17.783765,4e4217bb4ff97b39a95db5bf
sxcdn4.now.sh,AVAILABILITY,domains.list,domains.list,2021-08-22 11:48:23.230198,4e4217bb4ff97b39a95db5bf
sxcdn5.herokuapp.com,AVAILABILITY,domains.list,domains.list,2021-08-22 11:48:23.586965,4e4217bb4ff97b39a95db5bf
sxcdn6.now.sh,AVAILABILITY,domains.list,domains.list,2021-08-22 11:48:29.070576,4e4217bb4ff97b39a95db5bf
test.minr.pw,AVAILABILITY,domains.list,domains.list,2021-08-22 11:48:29.739407,4e4217bb4ff97b39a95db5bf
thewhizmarketing.com,AVAILABILITY,domains.list,domains.list,2021-08-22 11:48:29.890571,4e4217bb4ff97b39a95db5bf
thewhizproducts.com,AVAILABILITY,domains.list,domains.list,2021-08-22 11:48:30.071063,4e4217bb4ff97b39a95db5bf
thewise.com,AVAILABILITY,domains.list,domains.list,2021-08-22 11:48:30.269938,4e4217bb4ff97b39a95db5bf
tidafors.xyz,AVAILABILITY,domains.list,domains.list,2021-08-22 11:48:30.409061,4e4217bb4ff97b39a95db5bf
traffic.tc-clicks.com,AVAILABILITY,domains.list,domains.list,2021-08-22 11:48:30.989000,4e4217bb4ff97b39a95db5bf
traviilo.com,AVAILABILITY,domains.list,domains.list,2021-08-22 11:48:31.142613,4e4217bb4ff97b39a95db5bf
tulip18.com,AVAILABILITY,domains.list,domains.list,2021-08-22 11:48:31.277605,4e4217bb4ff97b39a95db5bf
unrummaged.com,AVAILABILITY,domains.list,domains.list,2021-08-22 11:48:31.435524,4e4217bb4ff97b39a95db5bf
uoldid.ru,AVAILABILITY,domains.list,domains.list,2021-08-22 11:48:37.436377,4e4217bb4ff97b39a95db5bf
vcfs6ip5h6.bid,AVAILABILITY,domains.list,domains.list,2021-08-22 11:48:37.557199,4e4217bb4ff97b39a95db5bf
verresof.com,AVAILABILITY,domains.list,domains.list,2021-08-22 11:48:37.720440,4e4217bb4ff97b39a95db5bf
video.streaming.estream.to,AVAILABILITY,domains.list,domains.list,2021-08-22 11:48:41.158297,4e4217bb4ff97b39a95db5bf
videoplayer2.xyz,AVAILABILITY,domains.list,domains.list,2021-08-22 11:48:41.457508,4e4217bb4ff97b39a95db5bf
vkcdnservice.com,AVAILABILITY,domains.list,domains.list,2021-08-22 11:48:41.564685,4e4217bb4ff97b39a95db5bf
vuryua.ru,AVAILABILITY,domains.list,domains.list,2021-08-22 11:48:42.427548,4e4217bb4ff97b39a95db5bf
webassembly.stream,AVAILABILITY,domains.list,domains.list,2021-08-22 11:48:42.897691,4e4217bb4ff97b39a95db5bf
webmine.cz,AVAILABILITY,domains.list,domains.list,2021-08-22 11:48:43.494189,4e4217bb4ff97b39a95db5bf
webmine.pro,AVAILABILITY,domains.list,domains.list,2021-08-22 11:48:45.487922,4e4217bb4ff97b39a95db5bf
webminepool.com,AVAILABILITY,domains.list,domains.list,2021-08-22 11:48:46.024803,4e4217bb4ff97b39a95db5bf
webminerpool.com,AVAILABILITY,domains.list,domains.list,2021-08-22 11:48:46.778540,4e4217bb4ff97b39a95db5bf
webmining.co,AVAILABILITY,domains.list,domains.list,2021-08-22 11:48:47.060987,4e4217bb4ff97b39a95db5bf
webxmr.com,AVAILABILITY,domains.list,domains.list,2021-08-22 11:48:48.432908,4e4217bb4ff97b39a95db5bf
whysoserius.club,AVAILABILITY,domains.list,domains.list,2021-08-22 11:48:48.603107,4e4217bb4ff97b39a95db5bf
wordc.ga,AVAILABILITY,domains.list,domains.list,2021-08-22 11:48:50.492323,4e4217bb4ff97b39a95db5bf
wp-monero-miner.de,AVAILABILITY,domains.list,domains.list,2021-08-22 11:48:51.030045,4e4217bb4ff97b39a95db5bf
wpcdn1.herokuapp.com,AVAILABILITY,domains.list,domains.list,2021-08-22 11:48:51.564604,4e4217bb4ff97b39a95db5bf
wss.nablabee.com,AVAILABILITY,domains.list,domains.list,2021-08-22 11:48:54.100471,4e4217bb4ff97b39a95db5bf
wss.rand.com.ru,AVAILABILITY,domains.list,domains.list,2021-08-22 11:49:02.081395,4e4217bb4ff97b39a95db5bf
wtm.monitoringservice.co,AVAILABILITY,domains.list,domains.list,2021-08-22 11:49:13.522495,4e4217bb4ff97b39a95db5bf
www.authedwebmine.cz,AVAILABILITY,domains.list,domains.list,2021-08-22 11:49:20.174299,4e4217bb4ff97b39a95db5bf
www.besocial.online,AVAILABILITY,domains.list,domains.list,2021-08-22 11:49:20.787406,4e4217bb4ff97b39a95db5bf
www.cloudflane.com,AVAILABILITY,domains.list,domains.list,2021-08-22 11:49:26.682371,4e4217bb4ff97b39a95db5bf
www.coinimp.com,AVAILABILITY,domains.list,domains.list,2021-08-22 11:49:26.947507,4e4217bb4ff97b39a95db5bf
www.coinimp.net,AVAILABILITY,domains.list,domains.list,2021-08-22 11:49:27.998346,4e4217bb4ff97b39a95db5bf
www.cryptonoter.com,AVAILABILITY,domains.list,domains.list,2021-08-22 11:49:39.069298,4e4217bb4ff97b39a95db5bf
www.datasecu.download,AVAILABILITY,domains.list,domains.list,2021-08-22 11:49:40.528593,4e4217bb4ff97b39a95db5bf
www.freecontent.bid,AVAILABILITY,domains.list,domains.list,2021-08-22 11:49:41.239635,4e4217bb4ff97b39a95db5bf
www.freecontent.date,AVAILABILITY,domains.list,domains.list,2021-08-22 11:49:41.752077,4e4217bb4ff97b39a95db5bf
www.freecontent.download,AVAILABILITY,domains.list,domains.list,2021-08-22 11:49:47.574499,4e4217bb4ff97b39a95db5bf
www.freecontent.stream,AVAILABILITY,domains.list,domains.list,2021-08-22 11:49:48.018623,4e4217bb4ff97b39a95db5bf
www.hostcontent.live,AVAILABILITY,domains.list,domains.list,2021-08-22 11:49:48.647284,4e4217bb4ff97b39a95db5bf
www.hostingcloud.faith,AVAILABILITY,domains.list,domains.list,2021-08-22 11:49:51.700152,4e4217bb4ff97b39a95db5bf
www.hostingcloud.party,AVAILABILITY,domains.list,domains.list,2021-08-22 11:49:51.915043,4e4217bb4ff97b39a95db5bf
www.hostingcloud.racing,AVAILABILITY,domains.list,domains.list,2021-08-22 11:49:52.041879,4e4217bb4ff97b39a95db5bf
www.hostingcloud.science,AVAILABILITY,domains.list,domains.list,2021-08-22 11:49:59.391653,4e4217bb4ff97b39a95db5bf
www.jqassets.download,AVAILABILITY,domains.list,domains.list,2021-08-22 11:49:59.859852,4e4217bb4ff97b39a95db5bf
www.jquery-cdn.download,AVAILABILITY,domains.list,domains.list,2021-08-22 11:50:00.063711,4e4217bb4ff97b39a95db5bf
www.jshosting.win,AVAILABILITY,domains.list,domains.list,2021-08-22 11:50:00.404637,4e4217bb4ff97b39a95db5bf
www.lightminer.co,AVAILABILITY,domains.list,domains.list,2021-08-22 11:50:01.881826,4e4217bb4ff97b39a95db5bf
www.monkeyminer.net,AVAILABILITY,domains.list,domains.list,2021-08-22 11:50:02.271259,4e4217bb4ff97b39a95db5bf
www.notmining.org,AVAILABILITY,domains.list,domains.list,2021-08-22 11:50:08.043567,4e4217bb4ff97b39a95db5bf
www.sparechange.io,AVAILABILITY,domains.list,domains.list,2021-08-22 11:50:14.891191,4e4217bb4ff97b39a95db5bf
www.verifier.live,AVAILABILITY,domains.list,domains.list,2021-08-22 11:50:15.017734,4e4217bb4ff97b39a95db5bf
www.webassembly.stream,AVAILABILITY,domains.list,domains.list,2021-08-22 11:50:16.067328,4e4217bb4ff97b39a95db5bf
www.webmine.cz,AVAILABILITY,domains.list,domains.list,2021-08-22 11:50:21.767143,4e4217bb4ff97b39a95db5bf
xmr.cool,AVAILABILITY,domains.list,domains.list,2021-08-22 11:50:22.211362,4e4217bb4ff97b39a95db5bf
xy.nullrefexcep.com,AVAILABILITY,domains.list,domains.list,2021-08-22 11:50:23.234035,4e4217bb4ff97b39a95db5bf
yrdrtzmsmt.com,AVAILABILITY,domains.list,domains.list,2021-08-22 11:50:23.341826,4e4217bb4ff97b39a95db5bf
zminer.zaloapp.com,AVAILABILITY,domains.list,domains.list,2021-08-22 11:50:44.151919,4e4217bb4ff97b39a95db5bf
zymerget.bid,AVAILABILITY,domains.list,domains.list,2021-08-22 11:50:44.258357,4e4217bb4ff97b39a95db5bf
play.power.tainiesonline.pw,AVAILABILITY,domains.list,domains.list,2021-08-22 11:50:44.950496,4e4217bb4ff97b39a95db5bf
play.vb.wearesaudis.net,AVAILABILITY,domains.list,domains.list,2021-08-22 11:50:50.696847,4e4217bb4ff97b39a95db5bf
playe.vidto.se,AVAILABILITY,domains.list,domains.list,2021-08-22 11:50:56.414645,4e4217bb4ff97b39a95db5bf
playerassets.info,AVAILABILITY,domains.list,domains.list,2021-08-22 11:50:56.996543,4e4217bb4ff97b39a95db5bf
pon.ewtuyytdf45.com,AVAILABILITY,domains.list,domains.list,2021-08-22 11:50:57.388388,4e4217bb4ff97b39a95db5bf
play.www.intellecthosting.net,AVAILABILITY,domains.list,domains.list,2021-08-22 11:50:57.785751,4e4217bb4ff97b39a95db5bf
plexcoin.info,AVAILABILITY,domains.list,domains.list,2021-08-22 11:50:58.323014,4e4217bb4ff97b39a95db5bf
pool.etn.spacepools.org,AVAILABILITY,domains.list,domains.list,2021-08-22 11:51:05.346599,4e4217bb4ff97b39a95db5bf
proxy-fra-1.inf.nimiq.network,AVAILABILITY,domains.list,domains.list,2021-08-22 11:51:05.510957,4e4217bb4ff97b39a95db5bf
proofly.win,AVAILABILITY,domains.list,domains.list,2021-08-22 11:51:06.176069,4e4217bb4ff97b39a95db5bf
proxy-gbr-2.inf.nimiq.network,AVAILABILITY,domains.list,domains.list,2021-08-22 11:51:06.318930,4e4217bb4ff97b39a95db5bf
proxy-fra-2.inf.nimiq.network,AVAILABILITY,domains.list,domains.list,2021-08-22 11:51:06.486611,4e4217bb4ff97b39a95db5bf
reservedoffers.club,AVAILABILITY,domains.list,domains.list,2021-08-22 11:51:06.753437,4e4217bb4ff97b39a95db5bf
rintinwa.com,AVAILABILITY,domains.list,domains.list,2021-08-22 11:51:12.551395,4e4217bb4ff97b39a95db5bf
